[{"DocumentTypeId":"Documents.Other.Certificate-of-filing","Keywords":[{"Values":["certificate of filing"],"NumberOfTimesConfirmed":3,"LastUpdated":"2020-07-21T13:23:48.2251831+03:00"}]},{"DocumentTypeId":"Forms.SEC.Financial-Reports","Keywords":[{"Values":["form 10-q"],"NumberOfTimesConfirmed":8,"LastUpdated":"2020-05-27T09:05:47.3018361+03:00"},{"Values":["form 10-k"],"NumberOfTimesConfirmed":9,"LastUpdated":"2020-05-27T09:55:26.8828376+03:00"},{"Values":["10-q"],"NumberOfTimesConfirmed":1,"LastUpdated":"2020-07-21T12:12:20.4891049+03:00"},{"Values":["10-k"],"NumberOfTimesConfirmed":1,"LastUpdated":"2020-07-21T12:12:31.7817304+03:00"},{"Values":["annual report under section 13"],"NumberOfTimesConfirmed":1,"LastUpdated":"2020-07-21T13:35:33.7540302+03:00"},{"Values":["quarterly report pursuant to section 13"],"NumberOfTimesConfirmed":1,"LastUpdated":"2020-07-21T13:35:33.7540302+03:00"},{"Values":["form 10-k,"],"NumberOfTimesConfirmed":3,"LastUpdated":"2020-07-21T13:36:43.1546067+03:00"}]},{"DocumentTypeId":"Accounting.Incoming.Invoices","Keywords":[{"Values":["in voice"],"NumberOfTimesConfirmed":3,"LastUpdated":"2020-05-27T09:05:58.3034914+03:00"},{"Values":["invoice"],"NumberOfTimesConfirmed":3,"LastUpdated":"2020-07-21T13:24:10.2155235+03:00"}]},{"DocumentTypeId":"Accounting.Incoming.Receipts","Keywords":[{"Values":["phone","oate:","time:"],"NumberOfTimesConfirmed":4,"LastUpdated":"2020-07-21T13:25:17.9557238+03:00"}]},{"DocumentTypeId":"Financial.Reports.W-4","Keywords":[{"Values":["w -4","w-4","w4","-","w-4"],"NumberOfTimesConfirmed":1,"LastUpdated":"2020-05-15T11:19:56.1253461+03:00"},{"Values":["w -4","w4"],"NumberOfTimesConfirmed":4,"LastUpdated":"2020-05-27T09:06:22.7642257+03:00"},{"Values":["employee's","withholding","certificate"],"NumberOfTimesConfirmed":1,"LastUpdated":"2020-07-21T13:26:44.4684942+03:00"}]},{"DocumentTypeId":"Financial.Reports.W-9","Keywords":[]}]
