﻿{
  "DataContractVersion": "1.0",
  "DocumentTypes": [
    {
      "DocumentTypeId": "Accounting.Incoming.Invoices",
      "Group": "Accounting",
      "Category": "Incoming",
      "Name": "Invoices",
      "OptionalUniqueIdentifier": null,
      "TypeField": {
        "FieldId": "Accounting.Incoming.Invoices.DocumentType",
        "FieldName": "Document Type"
      },
      "Fields": [
        {
          "FieldId": "Accounting.Incoming.Invoices.invoice-no",
          "FieldName": "invoice-no",
          "IsMultiValue": false,
          "Type": "Number",
          "DeriveFieldsFormat": "",
          "Components": [],
          "SetValues": []
        },
        {
          "FieldId": "Accounting.Incoming.Invoices.invoice-date",
          "FieldName": "invoice-date",
          "IsMultiValue": false,
          "Type": "Date",
          "DeriveFieldsFormat": "",
          "Components": [],
          "SetValues": []
        },
        {
          "FieldId": "Accounting.Incoming.Invoices.company-name",
          "FieldName": "company-name",
          "IsMultiValue": false,
          "Type": "Text",
          "DeriveFieldsFormat": "",
          "Components": [],
          "SetValues": []
        }
      ]
    },
    {
      "DocumentTypeId": "Financial.Reports.W-4",
      "Group": "Financial",
      "Category": "Reports",
      "Name": "W-4",
      "OptionalUniqueIdentifier": null,
      "TypeField": {
        "FieldId": "Financial.Reports.W-4.DocumentType",
        "FieldName": "Document Type"
      },
      "Fields": [
        {
          "FieldId": "Financial.Reports.W-4.first-name",
          "FieldName": "first-name",
          "IsMultiValue": false,
          "Type": "Text",
          "DeriveFieldsFormat": "",
          "Components": [],
          "SetValues": []
        },
        {
          "FieldId": "Financial.Reports.W-4.last-name",
          "FieldName": "last-name",
          "IsMultiValue": false,
          "Type": "Text",
          "DeriveFieldsFormat": "",
          "Components": [],
          "SetValues": []
        },
        {
          "FieldId": "Financial.Reports.W-4.social-security-number",
          "FieldName": "social-security-number",
          "IsMultiValue": false,
          "Type": "Number",
          "DeriveFieldsFormat": "",
          "Components": [],
          "SetValues": []
        }
      ]
    },
    {
      "DocumentTypeId": "Forms.SEC.Financial-Reports",
      "Group": "Forms",
      "Category": "SEC",
      "Name": "Financial-Reports",
      "OptionalUniqueIdentifier": null,
      "TypeField": {
        "FieldId": "Forms.SEC.Financial-Reports.DocumentType",
        "FieldName": "Document Type"
      },
      "Fields": [
        {
          "FieldId": "Forms.SEC.Financial-Reports.form-type",
          "FieldName": "form-type",
          "IsMultiValue": false,
          "Type": "Text",
          "DeriveFieldsFormat": "",
          "Components": [],
          "SetValues": []
        }
      ]
    },
    {
      "DocumentTypeId": "Financial.Reports.W-9",
      "Group": "Financial",
      "Category": "Reports",
      "Name": "W-9",
      "OptionalUniqueIdentifier": null,
      "TypeField": {
        "FieldId": "Financial.Reports.W-9.DocumentType",
        "FieldName": "Document Type"
      },
      "Fields": [
        {
          "FieldId": "Financial.Reports.W-9.name",
          "FieldName": "name",
          "IsMultiValue": false,
          "Type": "Text",
          "DeriveFieldsFormat": "",
          "Components": [],
          "SetValues": []
        },
        {
          "FieldId": "Financial.Reports.W-9.business-name",
          "FieldName": "business-name",
          "IsMultiValue": false,
          "Type": "Text",
          "DeriveFieldsFormat": "",
          "Components": [],
          "SetValues": []
        },
        {
          "FieldId": "Financial.Reports.W-9.individual",
          "FieldName": "individual",
          "IsMultiValue": false,
          "Type": "Boolean",
          "DeriveFieldsFormat": "",
          "Components": [],
          "SetValues": []
        },
        {
          "FieldId": "Financial.Reports.W-9.c-corporation",
          "FieldName": "c-corporation",
          "IsMultiValue": false,
          "Type": "Boolean",
          "DeriveFieldsFormat": "",
          "Components": [],
          "SetValues": []
        },
        {
          "FieldId": "Financial.Reports.W-9.s-corporation",
          "FieldName": "s-corporation",
          "IsMultiValue": false,
          "Type": "Boolean",
          "DeriveFieldsFormat": "",
          "Components": [],
          "SetValues": []
        },
        {
          "FieldId": "Financial.Reports.W-9.partnership",
          "FieldName": "partnership",
          "IsMultiValue": false,
          "Type": "Boolean",
          "DeriveFieldsFormat": "",
          "Components": [],
          "SetValues": []
        },
        {
          "FieldId": "Financial.Reports.W-9.trust-estate",
          "FieldName": "trust-estate",
          "IsMultiValue": false,
          "Type": "Boolean",
          "DeriveFieldsFormat": "",
          "Components": [],
          "SetValues": []
        },
        {
          "FieldId": "Financial.Reports.W-9.limited-liability-company",
          "FieldName": "limited-liability-company",
          "IsMultiValue": false,
          "Type": "Boolean",
          "DeriveFieldsFormat": "",
          "Components": [],
          "SetValues": []
        },
        {
          "FieldId": "Financial.Reports.W-9.other",
          "FieldName": "other",
          "IsMultiValue": false,
          "Type": "Boolean",
          "DeriveFieldsFormat": "",
          "Components": [],
          "SetValues": []
        },
        {
          "FieldId": "Financial.Reports.W-9.address",
          "FieldName": "address",
          "IsMultiValue": false,
          "Type": "Address",
          "DeriveFieldsFormat": "",
          "Components": [],
          "SetValues": []
        },
        {
          "FieldId": "Financial.Reports.W-9.city-state-zip",
          "FieldName": "city-state-zip",
          "IsMultiValue": false,
          "Type": "Text",
          "DeriveFieldsFormat": "",
          "Components": [],
          "SetValues": []
        },
        {
          "FieldId": "Financial.Reports.W-9.social-security-number",
          "FieldName": "social-security-number",
          "IsMultiValue": false,
          "Type": "Text",
          "DeriveFieldsFormat": "",
          "Components": [],
          "SetValues": []
        },
        {
          "FieldId": "Financial.Reports.W-9.employer-identification-number",
          "FieldName": "employer-identification-number",
          "IsMultiValue": false,
          "Type": "Text",
          "DeriveFieldsFormat": "",
          "Components": [],
          "SetValues": []
        },
        {
          "FieldId": "Financial.Reports.W-9.signature",
          "FieldName": "signature",
          "IsMultiValue": false,
          "Type": "Boolean",
          "DeriveFieldsFormat": "",
          "Components": [],
          "SetValues": []
        },
        {
          "FieldId": "Financial.Reports.W-9.date",
          "FieldName": "date",
          "IsMultiValue": false,
          "Type": "Date",
          "DeriveFieldsFormat": "",
          "Components": [],
          "SetValues": []
        }
      ]
    },
    {
      "DocumentTypeId": "Documents.Other.Certificate-of-filing",
      "Group": "Documents",
      "Category": "Other",
      "Name": "Certificate-of-filing",
      "OptionalUniqueIdentifier": null,
      "TypeField": {
        "FieldId": "Documents.Other.Certificate-of-filing.DocumentType",
        "FieldName": "Document Type"
      },
      "Fields": [
        {
          "FieldId": "Documents.Other.Certificate-of-filing.file-number",
          "FieldName": "file-number",
          "IsMultiValue": false,
          "Type": "Text",
          "DeriveFieldsFormat": "",
          "Components": [],
          "SetValues": []
        },
        {
          "FieldId": "Documents.Other.Certificate-of-filing.dated",
          "FieldName": "dated",
          "IsMultiValue": false,
          "Type": "Date",
          "DeriveFieldsFormat": "",
          "Components": [],
          "SetValues": []
        },
        {
          "FieldId": "Documents.Other.Certificate-of-filing.effective",
          "FieldName": "effective",
          "IsMultiValue": false,
          "Type": "Date",
          "DeriveFieldsFormat": "",
          "Components": [],
          "SetValues": []
        }
      ]
    }
  ],
  "Groups": [
    {
      "Name": "Accounting",
      "Categories": [
        "Incoming"
      ]
    },
    {
      "Name": "Documents",
      "Categories": [
        "Other"
      ]
    },
    {
      "Name": "Financial",
      "Categories": [
        "Reports"
      ]
    },
    {
      "Name": "Forms",
      "Categories": [
        "SEC"
      ]
    }
  ],
  "SupportedLanguages": [
    {
      "Name": "Undetermined Language",
      "Code": "und"
    },
    {
      "Name": "Bulgarian",
      "Code": "bul"
    },
    {
      "Name": "Cantonese",
      "Code": "yue"
    },
    {
      "Name": "Danish",
      "Code": "dan"
    },
    {
      "Name": "Dutch",
      "Code": "nld"
    },
    {
      "Name": "English",
      "Code": "eng"
    },
    {
      "Name": "French",
      "Code": "fra"
    },
    {
      "Name": "Georgian",
      "Code": "kat"
    },
    {
      "Name": "German",
      "Code": "deu"
    },
    {
      "Name": "Greek",
      "Code": "ell"
    },
    {
      "Name": "Hebrew",
      "Code": "heb"
    },
    {
      "Name": "Hindi",
      "Code": "hin"
    },
    {
      "Name": "Italian",
      "Code": "ita"
    },
    {
      "Name": "Japanese",
      "Code": "jpn"
    },
    {
      "Name": "Korean",
      "Code": "kor"
    },
    {
      "Name": "Macedonian",
      "Code": "mkd"
    },
    {
      "Name": "Mandarin",
      "Code": "zho"
    },
    {
      "Name": "Marathi",
      "Code": "mar"
    },
    {
      "Name": "Norwegian",
      "Code": "nor"
    },
    {
      "Name": "Polish",
      "Code": "pol"
    },
    {
      "Name": "Portuguese",
      "Code": "por"
    },
    {
      "Name": "Romanian",
      "Code": "ron"
    },
    {
      "Name": "Russian",
      "Code": "rus"
    },
    {
      "Name": "Serbian",
      "Code": "srp"
    },
    {
      "Name": "Spanish",
      "Code": "spa"
    },
    {
      "Name": "Swedish",
      "Code": "swe"
    },
    {
      "Name": "Telugu",
      "Code": "tel"
    }
  ]
}